{"ratio": [], "shift": [], "colors": [["annotation_color", "#01665e"], ["annotation_text_color", "#f5f5f5"], ["association_attribute_text_color", "#000000"], ["association_cartouche_color", "#80cdc1"], ["association_cartouche_text_color", "#000000"], ["association_color", "#c7eae5"], ["association_stroke_color", "#35978f"], ["background_color", "#f5f5f5"], ["card_text_color", "#8c510a"], ["entity_attribute_text_color", "#000000"], ["entity_cartouche_color", "#dfc27d"], ["entity_cartouche_text_color", "#000000"], ["entity_color", "#f6e8c3"], ["entity_stroke_color", "#bf812d"], ["leg_stroke_color", "#35978f"], ["transparent_color", "none"]], "cy": [["etudie", 60], ["etudiants", 60], ["matieres", 178], ["enseignants", 178]], "cx": [["etudie", 75], ["etudiants", 207], ["matieres", 75], ["enseignants", 347]], "size": [430, 238]}